[
  {
    "model": "calendar_app.department",
    "pk": 1,
    "fields": {
      "name": "Ministerio del Adolescente",
      "slug": "ministerio-adolescente",
      "color": "#5a3e8a",
      "icon": "groups",
      "description": "Ministerio para juveniles e intermediarios. Plan estratégico 2026 — Juntos en Cristo · ROM 8:37. Directores: Devora Aranda y Javier Huerta.",
      "is_active": true
    }
  },
  {
    "model": "calendar_app.department",
    "pk": 2,
    "fields": {
      "name": "JA (Jóvenes Adventistas)",
      "slug": "ja",
      "color": "#2d4f8a",
      "icon": "emoji_people",
      "description": "Jóvenes Adventistas de Osorno Central. Director: Ignacio Matamala.",
      "is_active": true
    }
  },
  {
    "model": "calendar_app.department",
    "pk": 3,
    "fields": {
      "name": "Ministerio Infantil",
      "slug": "ministerio-infantil",
      "color": "#9a6520",
      "icon": "child_care",
      "description": "Ministerio para niños y primarios. Directora: Alejandra Huerta.",
      "is_active": true
    }
  },
  {
    "model": "calendar_app.department",
    "pk": 4,
    "fields": {
      "name": "MIPES (Ministerio Personal)",
      "slug": "mipes",
      "color": "#2d6b54",
      "icon": "volunteer_activism",
      "description": "Ministerio Personal y Evangelismo de Osorno Central.",
      "is_active": true
    }
  },
  {
    "model": "calendar_app.department",
    "pk": 5,
    "fields": {
      "name": "Ministerio de la Mujer",
      "slug": "ministerio-mujer",
      "color": "#8a3d65",
      "icon": "female",
      "description": "Ministerio de la Mujer Adventista de Osorno Central.",
      "is_active": true
    }
  },
  {
    "model": "calendar_app.department",
    "pk": 6,
    "fields": {
      "name": "Diáconos",
      "slug": "diaconos",
      "color": "#3d5166",
      "icon": "handshake",
      "description": "Equipo de diáconos de la Iglesia Adventista Osorno Central.",
      "is_active": true
    }
  },
  {
    "model": "calendar_app.department",
    "pk": 7,
    "fields": {
      "name": "Diaconisas",
      "slug": "diaconisas",
      "color": "#6b5278",
      "icon": "diversity_3",
      "description": "Equipo de diaconisas de la Iglesia Adventista Osorno Central.",
      "is_active": true
    }
  },
  {
    "model": "calendar_app.department",
    "pk": 8,
    "fields": {
      "name": "Escuela Sabática",
      "slug": "escuela-sabatica",
      "color": "#2c6070",
      "icon": "menu_book",
      "description": "Escuela Sabática — estudio de la Biblia y lección trimestral.",
      "is_active": true
    }
  },
  {
    "model": "calendar_app.department",
    "pk": 9,
    "fields": {
      "name": "Conquistadores",
      "slug": "conquistadores",
      "color": "#7a5230",
      "icon": "military_tech",
      "description": "Club de Conquistadores de la Iglesia Adventista Osorno Central.",
      "is_active": true
    }
  },
  {
    "model": "calendar_app.department",
    "pk": 10,
    "fields": {
      "name": "Hogar y Familia",
      "slug": "hogar-familia",
      "color": "#7a3535",
      "icon": "family_restroom",
      "description": "Departamento de Hogar y Familia. Directores: Javier Cid y Mariana Care.",
      "is_active": true
    }
  },
  {
    "model": "calendar_app.responsible",
    "pk": 1,
    "fields": {
      "full_name": "Javier Huerta & Devora Aranda",
      "role": "Directores Ministerio del Adolescente",
      "department": 1,
      "photo": ""
    }
  },
  {
    "model": "calendar_app.responsible",
    "pk": 2,
    "fields": {
      "full_name": "Ignacio Matamala",
      "role": "Director JA",
      "department": 2,
      "photo": ""
    }
  },
  {
    "model": "calendar_app.responsible",
    "pk": 3,
    "fields": {
      "full_name": "Alejandra Huerta",
      "role": "Directora Ministerio Infantil",
      "department": 3,
      "photo": ""
    }
  },
  {
    "model": "calendar_app.responsible",
    "pk": 4,
    "fields": {
      "full_name": "Javier Cid & Mariana Care",
      "role": "Directores Hogar y Familia",
      "department": 10,
      "photo": ""
    }
  },
  {
    "model": "calendar_app.responsible",
    "pk": 5,
    "fields": {
      "full_name": "Jorge & Ingrid",
      "role": "Cultos de Poder y Club de Lectura",
      "department": 1,
      "photo": ""
    }
  },
  {
    "model": "calendar_app.responsible",
    "pk": 6,
    "fields": {
      "full_name": "Pablo & Lissani",
      "role": "Coordinadores Grupo Pequeño GTeen",
      "department": 1,
      "photo": ""
    }
  },
  {
    "model": "calendar_app.responsible",
    "pk": 7,
    "fields": {
      "full_name": "Manuel Márquez",
      "role": "Coordinador Misionero",
      "department": 1,
      "photo": ""
    }
  },
  {
    "model": "calendar_app.event",
    "pk": 1,
    "fields": {
      "title": "Día del Joven Adventista",
      "slug": "dia-joven-adventista-marzo-2026",
      "description": "El sábado 21 de marzo, por ser el Día del Joven Adventista, el sermón estará a cargo de los JA. A media tarde se realizarán actividades de impacto urbano: entrega de libros y repartir cajas de alimentos.",
      "department": 2,
      "responsible": 2,
      "scope": "local",
      "event_type": "service",
      "audience": "all",
      "start_datetime": "2026-03-21T12:30:00-03:00",
      "end_datetime": "2026-03-21T21:00:00-03:00",
      "is_all_day": false,
      "location": "Templo Osorno Central",
      "requires_registration": false,
      "registration_url": "",
      "cover_image": "",
      "bible_verse": "",
      "administrative_note": "Impacto urbano en la tarde: entrega de libros y cajas de alimentos.",
      "is_published": true,
      "is_featured": true,
      "created_at": "2026-05-01T12:00:00-04:00",
      "updated_at": "2026-05-01T12:00:00-04:00"
    }
  },
  {
    "model": "calendar_app.event",
    "pk": 2,
    "fields": {
      "title": "Impacto Urbano + Feria de Salud — San Pablo",
      "slug": "impacto-urbano-san-pablo-marzo-2026",
      "description": "Impacto Urbano más Feria de Salud en la localidad de San Pablo enmarcado dentro del Proyecto Caleb. Termina con actividades en el templo de la localidad.",
      "department": 2,
      "responsible": 2,
      "scope": "association",
      "event_type": "outreach",
      "audience": "youth",
      "start_datetime": "2026-03-22T10:00:00-03:00",
      "end_datetime": "2026-03-22T17:00:00-03:00",
      "is_all_day": false,
      "location": "Templo de San Pablo",
      "requires_registration": false,
      "registration_url": "",
      "cover_image": "",
      "bible_verse": "",
      "administrative_note": "Presupuesto del Proyecto Caleb aprobado en junta.",
      "is_published": true,
      "is_featured": false,
      "created_at": "2026-05-01T12:00:00-04:00",
      "updated_at": "2026-05-01T12:00:00-04:00"
    }
  },
  {
    "model": "calendar_app.event",
    "pk": 3,
    "fields": {
      "title": "Sermón Hogar y Familia — Lanzamiento Viernes de Familia",
      "slug": "sermon-hogar-familia-abril-2026",
      "description": "Sermón de lanzamiento del Departamento de Hogar y Familia e inicio de los Viernes de Familia.",
      "department": 10,
      "responsible": 4,
      "scope": "local",
      "event_type": "service",
      "audience": "all",
      "start_datetime": "2026-04-11T11:00:00-03:00",
      "end_datetime": null,
      "is_all_day": false,
      "location": "Templo Osorno Central",
      "requires_registration": false,
      "registration_url": "",
      "cover_image": "",
      "bible_verse": "",
      "administrative_note": "",
      "is_published": true,
      "is_featured": false,
      "created_at": "2026-05-01T12:00:00-04:00",
      "updated_at": "2026-05-01T12:00:00-04:00"
    }
  },
  {
    "model": "calendar_app.event",
    "pk": 4,
    "fields": {
      "title": "Inicio Viernes de Familia",
      "slug": "inicio-viernes-familia-abril-2026",
      "description": "Inicio de los Viernes de Familia — espacio de comunidad y crecimiento para familias de la iglesia.",
      "department": 10,
      "responsible": 4,
      "scope": "local",
      "event_type": "meeting",
      "audience": "all",
      "start_datetime": "2026-04-17T20:00:00-03:00",
      "end_datetime": "2026-04-17T22:00:00-03:00",
      "is_all_day": false,
      "location": "Templo Osorno Central",
      "requires_registration": false,
      "registration_url": "",
      "cover_image": "",
      "bible_verse": "",
      "administrative_note": "",
      "is_published": true,
      "is_featured": false,
      "created_at": "2026-05-01T12:00:00-04:00",
      "updated_at": "2026-05-01T12:00:00-04:00"
    }
  },
  {
    "model": "calendar_app.event",
    "pk": 5,
    "fields": {
      "title": "Culto de Poder — Mayo 2026",
      "slug": "culto-de-poder-mayo-2026",
      "description": "Culto de poder mensual para juveniles e intermediarios. Coordinado por Jorge e Ingrid.",
      "department": 1,
      "responsible": 5,
      "scope": "local",
      "event_type": "service",
      "audience": "juveniles",
      "start_datetime": "2026-05-13T19:00:00-04:00",
      "end_datetime": "2026-05-13T21:00:00-04:00",
      "is_all_day": false,
      "location": "Templo Osorno Central",
      "requires_registration": false,
      "registration_url": "",
      "cover_image": "",
      "bible_verse": "",
      "administrative_note": "",
      "is_published": true,
      "is_featured": false,
      "created_at": "2026-05-01T12:00:00-04:00",
      "updated_at": "2026-05-01T12:00:00-04:00"
    }
  },
  {
    "model": "calendar_app.event",
    "pk": 6,
    "fields": {
      "title": "Voleibol GTeen",
      "slug": "voleibol-mayo-2026",
      "description": "Actividad recreativa del Ministerio del Adolescente. Todos los jóvenes e intermediarios están invitados.",
      "department": 1,
      "responsible": 1,
      "scope": "local",
      "event_type": "social",
      "audience": "juveniles",
      "start_datetime": "2026-05-10T10:00:00-04:00",
      "end_datetime": "2026-05-10T12:00:00-04:00",
      "is_all_day": false,
      "location": "Colegio",
      "requires_registration": false,
      "registration_url": "",
      "cover_image": "",
      "bible_verse": "",
      "administrative_note": "",
      "is_published": true,
      "is_featured": false,
      "created_at": "2026-05-01T12:00:00-04:00",
      "updated_at": "2026-05-01T12:00:00-04:00"
    }
  },
  {
    "model": "calendar_app.event",
    "pk": 7,
    "fields": {
      "title": "Mañana Deportiva — Hogar y Familia",
      "slug": "manana-deportiva-mayo-2026",
      "description": "Mañana deportiva del Departamento de Hogar y Familia.",
      "department": 10,
      "responsible": 4,
      "scope": "local",
      "event_type": "social",
      "audience": "all",
      "start_datetime": "2026-05-03T10:00:00-04:00",
      "end_datetime": "2026-05-03T13:00:00-04:00",
      "is_all_day": false,
      "location": "Colegio",
      "requires_registration": false,
      "registration_url": "",
      "cover_image": "",
      "bible_verse": "",
      "administrative_note": "",
      "is_published": true,
      "is_featured": false,
      "created_at": "2026-05-01T12:00:00-04:00",
      "updated_at": "2026-05-01T12:00:00-04:00"
    }
  },
  {
    "model": "calendar_app.event",
    "pk": 8,
    "fields": {
      "title": "Culto de Poder — Junio 2026",
      "slug": "culto-de-poder-junio-2026",
      "description": "Culto de poder mensual para juveniles e intermediarios. Coordinado por Jorge e Ingrid.",
      "department": 1,
      "responsible": 5,
      "scope": "local",
      "event_type": "service",
      "audience": "juveniles",
      "start_datetime": "2026-06-17T19:00:00-04:00",
      "end_datetime": "2026-06-17T21:00:00-04:00",
      "is_all_day": false,
      "location": "Templo Osorno Central",
      "requires_registration": false,
      "registration_url": "",
      "cover_image": "",
      "bible_verse": "",
      "administrative_note": "",
      "is_published": true,
      "is_featured": false,
      "created_at": "2026-05-01T12:00:00-04:00",
      "updated_at": "2026-05-01T12:00:00-04:00"
    }
  },
  {
    "model": "calendar_app.event",
    "pk": 9,
    "fields": {
      "title": "Comparte tu Pan — Hospital",
      "slug": "comparte-tu-pan-hospital-junio-2026",
      "description": "Actividad misionera: compartir alimentos con personas del hospital. Coordinada por directores del Ministerio del Adolescente.",
      "department": 1,
      "responsible": 1,
      "scope": "local",
      "event_type": "outreach",
      "audience": "juveniles",
      "start_datetime": "2026-06-07T10:00:00-04:00",
      "end_datetime": "2026-06-07T13:00:00-04:00",
      "is_all_day": false,
      "location": "Hospital de Osorno",
      "requires_registration": false,
      "registration_url": "",
      "cover_image": "",
      "bible_verse": "",
      "administrative_note": "",
      "is_published": true,
      "is_featured": false,
      "created_at": "2026-05-01T12:00:00-04:00",
      "updated_at": "2026-05-01T12:00:00-04:00"
    }
  },
  {
    "model": "calendar_app.event",
    "pk": 10,
    "fields": {
      "title": "Semana de la Familia",
      "slug": "semana-familia-junio-2026",
      "description": "Semana especial de la familia — Departamento Hogar y Familia.",
      "department": 10,
      "responsible": 4,
      "scope": "local",
      "event_type": "seminar",
      "audience": "all",
      "start_datetime": "2026-06-13T09:00:00-04:00",
      "end_datetime": "2026-06-20T21:00:00-04:00",
      "is_all_day": true,
      "location": "Templo Osorno Central",
      "requires_registration": false,
      "registration_url": "",
      "cover_image": "",
      "bible_verse": "",
      "administrative_note": "",
      "is_published": true,
      "is_featured": true,
      "created_at": "2026-05-01T12:00:00-04:00",
      "updated_at": "2026-05-01T12:00:00-04:00"
    }
  },
  {
    "model": "calendar_app.event",
    "pk": 11,
    "fields": {
      "title": "Culto de Poder — Julio 2026",
      "slug": "culto-de-poder-julio-2026",
      "description": "Culto de poder mensual para juveniles e intermediarios. Coordinado por Jorge e Ingrid.",
      "department": 1,
      "responsible": 5,
      "scope": "local",
      "event_type": "service",
      "audience": "juveniles",
      "start_datetime": "2026-07-15T19:00:00-04:00",
      "end_datetime": "2026-07-15T21:00:00-04:00",
      "is_all_day": false,
      "location": "Templo Osorno Central",
      "requires_registration": false,
      "registration_url": "",
      "cover_image": "",
      "bible_verse": "",
      "administrative_note": "",
      "is_published": true,
      "is_featured": false,
      "created_at": "2026-05-01T12:00:00-04:00",
      "updated_at": "2026-05-01T12:00:00-04:00"
    }
  },
  {
    "model": "calendar_app.event",
    "pk": 12,
    "fields": {
      "title": "Celebración de Cumpleaños 1er Semestre + Tenis de Mesa",
      "slug": "cumpleanos-primer-semestre-julio-2026",
      "description": "Celebración de cumpleaños del primer semestre más campeonato de tenis de mesa del Ministerio del Adolescente.",
      "department": 1,
      "responsible": 1,
      "scope": "local",
      "event_type": "social",
      "audience": "juveniles",
      "start_datetime": "2026-07-05T10:00:00-04:00",
      "end_datetime": "2026-07-05T13:00:00-04:00",
      "is_all_day": false,
      "location": "Colegio",
      "requires_registration": false,
      "registration_url": "",
      "cover_image": "",
      "bible_verse": "",
      "administrative_note": "",
      "is_published": true,
      "is_featured": false,
      "created_at": "2026-05-01T12:00:00-04:00",
      "updated_at": "2026-05-01T12:00:00-04:00"
    }
  },
  {
    "model": "calendar_app.event",
    "pk": 13,
    "fields": {
      "title": "Inicio Workshop en Familia",
      "slug": "workshop-familia-julio-2026-inicio",
      "description": "Inicio de los talleres Workshop en Familia del Departamento de Hogar y Familia.",
      "department": 10,
      "responsible": 4,
      "scope": "local",
      "event_type": "seminar",
      "audience": "all",
      "start_datetime": "2026-07-02T20:00:00-04:00",
      "end_datetime": "2026-07-02T22:00:00-04:00",
      "is_all_day": false,
      "location": "Templo Osorno Central",
      "requires_registration": false,
      "registration_url": "",
      "cover_image": "",
      "bible_verse": "",
      "administrative_note": "",
      "is_published": true,
      "is_featured": false,
      "created_at": "2026-05-01T12:00:00-04:00",
      "updated_at": "2026-05-01T12:00:00-04:00"
    }
  },
  {
    "model": "calendar_app.event",
    "pk": 14,
    "fields": {
      "title": "Viernes de Familia — Julio",
      "slug": "viernes-familia-julio-2026",
      "description": "Viernes de Familia mensual del Departamento de Hogar y Familia.",
      "department": 10,
      "responsible": 4,
      "scope": "local",
      "event_type": "meeting",
      "audience": "all",
      "start_datetime": "2026-07-31T20:00:00-04:00",
      "end_datetime": "2026-07-31T22:00:00-04:00",
      "is_all_day": false,
      "location": "Templo Osorno Central",
      "requires_registration": false,
      "registration_url": "",
      "cover_image": "",
      "bible_verse": "",
      "administrative_note": "",
      "is_published": true,
      "is_featured": false,
      "created_at": "2026-05-01T12:00:00-04:00",
      "updated_at": "2026-05-01T12:00:00-04:00"
    }
  },
  {
    "model": "calendar_app.event",
    "pk": 15,
    "fields": {
      "title": "Culto de Poder — Agosto 2026",
      "slug": "culto-de-poder-agosto-2026",
      "description": "Culto de poder mensual para juveniles e intermediarios. Coordinado por Jorge e Ingrid.",
      "department": 1,
      "responsible": 5,
      "scope": "local",
      "event_type": "service",
      "audience": "juveniles",
      "start_datetime": "2026-08-19T19:00:00-04:00",
      "end_datetime": "2026-08-19T21:00:00-04:00",
      "is_all_day": false,
      "location": "Templo Osorno Central",
      "requires_registration": false,
      "registration_url": "",
      "cover_image": "",
      "bible_verse": "",
      "administrative_note": "",
      "is_published": true,
      "is_featured": false,
      "created_at": "2026-05-01T12:00:00-04:00",
      "updated_at": "2026-05-01T12:00:00-04:00"
    }
  },
  {
    "model": "calendar_app.event",
    "pk": 16,
    "fields": {
      "title": "Chef-Teen — Taller de Cocina Saludable",
      "slug": "chef-teen-agosto-2026-1",
      "description": "Taller online de cocina saludable para los jóvenes del Ministerio del Adolescente.",
      "department": 1,
      "responsible": 1,
      "scope": "local",
      "event_type": "social",
      "audience": "juveniles",
      "start_datetime": "2026-08-02T10:00:00-04:00",
      "end_datetime": "2026-08-02T12:00:00-04:00",
      "is_all_day": false,
      "location": "Templo — Sala GTeen",
      "requires_registration": false,
      "registration_url": "",
      "cover_image": "",
      "bible_verse": "",
      "administrative_note": "",
      "is_published": true,
      "is_featured": false,
      "created_at": "2026-05-01T12:00:00-04:00",
      "updated_at": "2026-05-01T12:00:00-04:00"
    }
  },
  {
    "model": "calendar_app.event",
    "pk": 17,
    "fields": {
      "title": "Chef-Teen — Taller de Cocina Saludable (2ª fecha)",
      "slug": "chef-teen-agosto-2026-2",
      "description": "Segunda fecha del taller online de cocina saludable para los jóvenes del Ministerio del Adolescente.",
      "department": 1,
      "responsible": 1,
      "scope": "local",
      "event_type": "social",
      "audience": "juveniles",
      "start_datetime": "2026-08-16T10:00:00-04:00",
      "end_datetime": "2026-08-16T12:00:00-04:00",
      "is_all_day": false,
      "location": "Templo — Sala GTeen",
      "requires_registration": false,
      "registration_url": "",
      "cover_image": "",
      "bible_verse": "",
      "administrative_note": "",
      "is_published": true,
      "is_featured": false,
      "created_at": "2026-05-01T12:00:00-04:00",
      "updated_at": "2026-05-01T12:00:00-04:00"
    }
  },
  {
    "model": "calendar_app.event",
    "pk": 18,
    "fields": {
      "title": "Workshop en Familia — Agosto",
      "slug": "workshop-familia-agosto-2026",
      "description": "Taller Workshop en Familia del Departamento de Hogar y Familia.",
      "department": 10,
      "responsible": 4,
      "scope": "local",
      "event_type": "seminar",
      "audience": "all",
      "start_datetime": "2026-08-06T20:00:00-04:00",
      "end_datetime": "2026-08-06T22:00:00-04:00",
      "is_all_day": false,
      "location": "Templo Osorno Central",
      "requires_registration": false,
      "registration_url": "",
      "cover_image": "",
      "bible_verse": "",
      "administrative_note": "",
      "is_published": true,
      "is_featured": false,
      "created_at": "2026-05-01T12:00:00-04:00",
      "updated_at": "2026-05-01T12:00:00-04:00"
    }
  },
  {
    "model": "calendar_app.event",
    "pk": 19,
    "fields": {
      "title": "Culto de Poder — Septiembre 2026",
      "slug": "culto-de-poder-septiembre-2026",
      "description": "Culto de poder mensual para juveniles e intermediarios. Coordinado por Jorge e Ingrid.",
      "department": 1,
      "responsible": 5,
      "scope": "local",
      "event_type": "service",
      "audience": "juveniles",
      "start_datetime": "2026-09-16T19:00:00-03:00",
      "end_datetime": "2026-09-16T21:00:00-03:00",
      "is_all_day": false,
      "location": "Templo Osorno Central",
      "requires_registration": false,
      "registration_url": "",
      "cover_image": "",
      "bible_verse": "",
      "administrative_note": "",
      "is_published": true,
      "is_featured": false,
      "created_at": "2026-05-01T12:00:00-04:00",
      "updated_at": "2026-05-01T12:00:00-04:00"
    }
  },
  {
    "model": "calendar_app.event",
    "pk": 20,
    "fields": {
      "title": "Caminata + Repartir Libros Misioneros",
      "slug": "caminata-libros-misioneros-septiembre-2026",
      "description": "Caminata evangelística con repartición de libros misioneros. Actividad del Ministerio del Adolescente.",
      "department": 1,
      "responsible": 7,
      "scope": "local",
      "event_type": "outreach",
      "audience": "juveniles",
      "start_datetime": "2026-09-06T09:00:00-03:00",
      "end_datetime": "2026-09-06T12:00:00-03:00",
      "is_all_day": false,
      "location": "Osorno",
      "requires_registration": false,
      "registration_url": "",
      "cover_image": "",
      "bible_verse": "",
      "administrative_note": "",
      "is_published": true,
      "is_featured": false,
      "created_at": "2026-05-01T12:00:00-04:00",
      "updated_at": "2026-05-01T12:00:00-04:00"
    }
  },
  {
    "model": "calendar_app.event",
    "pk": 21,
    "fields": {
      "title": "Workshop en Familia — Septiembre",
      "slug": "workshop-familia-septiembre-2026",
      "description": "Taller Workshop en Familia del Departamento de Hogar y Familia.",
      "department": 10,
      "responsible": 4,
      "scope": "local",
      "event_type": "seminar",
      "audience": "all",
      "start_datetime": "2026-09-03T20:00:00-04:00",
      "end_datetime": "2026-09-03T22:00:00-04:00",
      "is_all_day": false,
      "location": "Templo Osorno Central",
      "requires_registration": false,
      "registration_url": "",
      "cover_image": "",
      "bible_verse": "",
      "administrative_note": "",
      "is_published": true,
      "is_featured": false,
      "created_at": "2026-05-01T12:00:00-04:00",
      "updated_at": "2026-05-01T12:00:00-04:00"
    }
  },
  {
    "model": "calendar_app.event",
    "pk": 22,
    "fields": {
      "title": "Culto de Poder — Octubre 2026",
      "slug": "culto-de-poder-octubre-2026",
      "description": "Culto de poder mensual para juveniles e intermediarios. Coordinado por Jorge e Ingrid.",
      "department": 1,
      "responsible": 5,
      "scope": "local",
      "event_type": "service",
      "audience": "juveniles",
      "start_datetime": "2026-10-21T19:00:00-03:00",
      "end_datetime": "2026-10-21T21:00:00-03:00",
      "is_all_day": false,
      "location": "Templo Osorno Central",
      "requires_registration": false,
      "registration_url": "",
      "cover_image": "",
      "bible_verse": "",
      "administrative_note": "",
      "is_published": true,
      "is_featured": false,
      "created_at": "2026-05-01T12:00:00-04:00",
      "updated_at": "2026-05-01T12:00:00-04:00"
    }
  },
  {
    "model": "calendar_app.event",
    "pk": 23,
    "fields": {
      "title": "Feria de Salud Teen — 8 Remedios Naturales",
      "slug": "feria-salud-teen-octubre-2026",
      "description": "Feria de salud para jóvenes sobre los 8 remedios naturales. Se aprovechará para invitar a la Semana de Evangelismo Teen.",
      "department": 1,
      "responsible": 1,
      "scope": "local",
      "event_type": "outreach",
      "audience": "all",
      "start_datetime": "2026-10-04T10:00:00-03:00",
      "end_datetime": "2026-10-04T14:00:00-03:00",
      "is_all_day": false,
      "location": "Sede o Colegio",
      "requires_registration": false,
      "registration_url": "",
      "cover_image": "",
      "bible_verse": "",
      "administrative_note": "",
      "is_published": true,
      "is_featured": false,
      "created_at": "2026-05-01T12:00:00-04:00",
      "updated_at": "2026-05-01T12:00:00-04:00"
    }
  },
  {
    "model": "calendar_app.event",
    "pk": 24,
    "fields": {
      "title": "Semana de Evangelismo Teen",
      "slug": "semana-evangelismo-teen-octubre-2026",
      "description": "Evento especial del año: los jóvenes predican, dirigen y lideran. Responde al énfasis de liderazgo y discipulado. Inicia el sábado 24 de octubre en culto JA de la tarde y termina el sábado 31 de octubre.",
      "department": 1,
      "responsible": 1,
      "scope": "local",
      "event_type": "outreach",
      "audience": "all",
      "start_datetime": "2026-10-24T16:00:00-03:00",
      "end_datetime": "2026-10-31T21:00:00-03:00",
      "is_all_day": false,
      "location": "Templo Osorno Central",
      "requires_registration": false,
      "registration_url": "",
      "cover_image": "",
      "bible_verse": "En todo esto somos más que vencedores por medio de aquel que nos amó. — Romanos 8:37",
      "administrative_note": "Manuel: invitaciones. Alex & Cristina: decoración. Jorge & Ingrid: soporte espiritual.",
      "is_published": true,
      "is_featured": true,
      "created_at": "2026-05-01T12:00:00-04:00",
      "updated_at": "2026-05-01T12:00:00-04:00"
    }
  },
  {
    "model": "calendar_app.event",
    "pk": 25,
    "fields": {
      "title": "Workshop en Familia — Octubre",
      "slug": "workshop-familia-octubre-2026",
      "description": "Taller Workshop en Familia del Departamento de Hogar y Familia.",
      "department": 10,
      "responsible": 4,
      "scope": "local",
      "event_type": "seminar",
      "audience": "all",
      "start_datetime": "2026-10-01T20:00:00-03:00",
      "end_datetime": "2026-10-01T22:00:00-03:00",
      "is_all_day": false,
      "location": "Templo Osorno Central",
      "requires_registration": false,
      "registration_url": "",
      "cover_image": "",
      "bible_verse": "",
      "administrative_note": "",
      "is_published": true,
      "is_featured": false,
      "created_at": "2026-05-01T12:00:00-04:00",
      "updated_at": "2026-05-01T12:00:00-04:00"
    }
  },
  {
    "model": "calendar_app.event",
    "pk": 26,
    "fields": {
      "title": "Viernes de Familia — Octubre",
      "slug": "viernes-familia-octubre-2026",
      "description": "Viernes de Familia mensual del Departamento de Hogar y Familia.",
      "department": 10,
      "responsible": 4,
      "scope": "local",
      "event_type": "meeting",
      "audience": "all",
      "start_datetime": "2026-10-16T20:00:00-03:00",
      "end_datetime": "2026-10-16T22:00:00-03:00",
      "is_all_day": false,
      "location": "Templo Osorno Central",
      "requires_registration": false,
      "registration_url": "",
      "cover_image": "",
      "bible_verse": "",
      "administrative_note": "",
      "is_published": true,
      "is_featured": false,
      "created_at": "2026-05-01T12:00:00-04:00",
      "updated_at": "2026-05-01T12:00:00-04:00"
    }
  },
  {
    "model": "calendar_app.event",
    "pk": 27,
    "fields": {
      "title": "Culto de Poder — Noviembre 2026",
      "slug": "culto-de-poder-noviembre-2026",
      "description": "Culto de poder mensual para juveniles e intermediarios. Coordinado por Jorge e Ingrid.",
      "department": 1,
      "responsible": 5,
      "scope": "local",
      "event_type": "service",
      "audience": "juveniles",
      "start_datetime": "2026-11-18T19:00:00-03:00",
      "end_datetime": "2026-11-18T21:00:00-03:00",
      "is_all_day": false,
      "location": "Templo Osorno Central",
      "requires_registration": false,
      "registration_url": "",
      "cover_image": "",
      "bible_verse": "",
      "administrative_note": "",
      "is_published": true,
      "is_featured": false,
      "created_at": "2026-05-01T12:00:00-04:00",
      "updated_at": "2026-05-01T12:00:00-04:00"
    }
  },
  {
    "model": "calendar_app.event",
    "pk": 28,
    "fields": {
      "title": "Entrega de Caja de Alimentos",
      "slug": "entrega-caja-alimentos-noviembre-2026",
      "description": "Actividad misionera de entrega de cajas de alimentos a familias de la comunidad.",
      "department": 1,
      "responsible": 7,
      "scope": "local",
      "event_type": "outreach",
      "audience": "all",
      "start_datetime": "2026-11-01T10:00:00-03:00",
      "end_datetime": "2026-11-01T12:00:00-03:00",
      "is_all_day": false,
      "location": "Osorno",
      "requires_registration": false,
      "registration_url": "",
      "cover_image": "",
      "bible_verse": "",
      "administrative_note": "",
      "is_published": true,
      "is_featured": false,
      "created_at": "2026-05-01T12:00:00-04:00",
      "updated_at": "2026-05-01T12:00:00-04:00"
    }
  },
  {
    "model": "calendar_app.event",
    "pk": 29,
    "fields": {
      "title": "Workshop en Familia — Noviembre",
      "slug": "workshop-familia-noviembre-2026",
      "description": "Taller Workshop en Familia del Departamento de Hogar y Familia.",
      "department": 10,
      "responsible": 4,
      "scope": "local",
      "event_type": "seminar",
      "audience": "all",
      "start_datetime": "2026-11-06T20:00:00-03:00",
      "end_datetime": "2026-11-06T22:00:00-03:00",
      "is_all_day": false,
      "location": "Templo Osorno Central",
      "requires_registration": false,
      "registration_url": "",
      "cover_image": "",
      "bible_verse": "",
      "administrative_note": "",
      "is_published": true,
      "is_featured": false,
      "created_at": "2026-05-01T12:00:00-04:00",
      "updated_at": "2026-05-01T12:00:00-04:00"
    }
  },
  {
    "model": "calendar_app.event",
    "pk": 30,
    "fields": {
      "title": "Mañana Deportiva — Hogar y Familia (Noviembre)",
      "slug": "manana-deportiva-noviembre-2026",
      "description": "Mañana deportiva del Departamento de Hogar y Familia.",
      "department": 10,
      "responsible": 4,
      "scope": "local",
      "event_type": "social",
      "audience": "all",
      "start_datetime": "2026-11-08T10:00:00-03:00",
      "end_datetime": "2026-11-08T13:00:00-03:00",
      "is_all_day": false,
      "location": "Colegio",
      "requires_registration": false,
      "registration_url": "",
      "cover_image": "",
      "bible_verse": "",
      "administrative_note": "",
      "is_published": true,
      "is_featured": false,
      "created_at": "2026-05-01T12:00:00-04:00",
      "updated_at": "2026-05-01T12:00:00-04:00"
    }
  },
  {
    "model": "calendar_app.event",
    "pk": 31,
    "fields": {
      "title": "Culto de Poder — Diciembre 2026",
      "slug": "culto-de-poder-diciembre-2026",
      "description": "Culto de poder mensual para juveniles e intermediarios. Coordinado por Jorge e Ingrid.",
      "department": 1,
      "responsible": 5,
      "scope": "local",
      "event_type": "service",
      "audience": "juveniles",
      "start_datetime": "2026-12-16T19:00:00-03:00",
      "end_datetime": "2026-12-16T21:00:00-03:00",
      "is_all_day": false,
      "location": "Templo Osorno Central",
      "requires_registration": false,
      "registration_url": "",
      "cover_image": "",
      "bible_verse": "",
      "administrative_note": "",
      "is_published": true,
      "is_featured": false,
      "created_at": "2026-05-01T12:00:00-04:00",
      "updated_at": "2026-05-01T12:00:00-04:00"
    }
  },
  {
    "model": "calendar_app.event",
    "pk": 32,
    "fields": {
      "title": "Celebración de Cumpleaños 2do Semestre + Tenis de Mesa",
      "slug": "cumpleanos-segundo-semestre-diciembre-2026",
      "description": "Celebración de cumpleaños del segundo semestre más campeonato de tenis de mesa del Ministerio del Adolescente.",
      "department": 1,
      "responsible": 1,
      "scope": "local",
      "event_type": "social",
      "audience": "juveniles",
      "start_datetime": "2026-12-06T10:00:00-03:00",
      "end_datetime": "2026-12-06T13:00:00-03:00",
      "is_all_day": false,
      "location": "Colegio",
      "requires_registration": false,
      "registration_url": "",
      "cover_image": "",
      "bible_verse": "",
      "administrative_note": "",
      "is_published": true,
      "is_featured": false,
      "created_at": "2026-05-01T12:00:00-04:00",
      "updated_at": "2026-05-01T12:00:00-04:00"
    }
  },
  {
    "model": "calendar_app.event",
    "pk": 33,
    "fields": {
      "title": "Workshop en Familia — Diciembre",
      "slug": "workshop-familia-diciembre-2026",
      "description": "Taller Workshop en Familia del Departamento de Hogar y Familia.",
      "department": 10,
      "responsible": 4,
      "scope": "local",
      "event_type": "seminar",
      "audience": "all",
      "start_datetime": "2026-12-03T20:00:00-03:00",
      "end_datetime": "2026-12-03T22:00:00-03:00",
      "is_all_day": false,
      "location": "Templo Osorno Central",
      "requires_registration": false,
      "registration_url": "",
      "cover_image": "",
      "bible_verse": "",
      "administrative_note": "",
      "is_published": true,
      "is_featured": false,
      "created_at": "2026-05-01T12:00:00-04:00",
      "updated_at": "2026-05-01T12:00:00-04:00"
    }
  },
  {
    "model": "calendar_app.event",
    "pk": 34,
    "fields": {
      "title": "Paseo de Iglesia",
      "slug": "paseo-iglesia-diciembre-2026",
      "description": "Paseo anual de la Iglesia Adventista Osorno Central.",
      "department": 10,
      "responsible": 4,
      "scope": "local",
      "event_type": "social",
      "audience": "all",
      "start_datetime": "2026-12-13T10:00:00-03:00",
      "end_datetime": "2026-12-13T18:00:00-03:00",
      "is_all_day": false,
      "location": "Por confirmar",
      "requires_registration": true,
      "registration_url": "",
      "cover_image": "",
      "bible_verse": "",
      "administrative_note": "",
      "is_published": true,
      "is_featured": true,
      "created_at": "2026-05-01T12:00:00-04:00",
      "updated_at": "2026-05-01T12:00:00-04:00"
    }
  }
]